epoch,acc,loss,val_acc,val_loss
0,0.93415,0.21659249337700506,0.9673,0.101603888515383
1,0.97401667,0.08405842762595664,0.9707,0.09192099215462804
2,0.9824167,0.05634194716345519,0.9757,0.0816916021401994
3,0.98755,0.04043107105225014,0.9795,0.06771920246072113
4,0.98935,0.033644192383993264,0.9764,0.07937077592359856
